{
  "benchmark_id": "wormhole-su2-compose-fp32",
  "cases": [
    {
      "B": 32768,
      "K": 8,
      "core_count": 32,
      "fused_correctness": {
        "bloch_norm_drift": 1.181272579753312e-06,
        "failing_values": 0,
        "max_abs_error": 3.699903572407237e-07,
        "nonfinite_values": 0,
        "phase_norm_drift": 2.869965206597769e-07,
        "quaternion_norm_drift": 4.43049884557567e-07,
        "rms_error": 4.65296989714254e-08,
        "su2_determinant_error": 8.860999656246094e-07,
        "u2_phase_consistency_error": 8.861002271920474e-07,
        "unitarity_frobenius_error": 1.6705717031465872e-06,
        "validated_values": 196608
      },
      "fused_logical_bytes": 7077888,
      "fused_median_s": 0.0001406801,
      "fused_over_unfused_median": 0.2109105187123733,
      "qmul_per_s_fused": 1630479364.174464,
      "repeat_count": 10,
      "steps_per_s_fused": 1863404987.6279588,
      "trajectories_per_s_fused": 232925623.45349485,
      "unfused_correctness": {
        "bloch_norm_drift": 1.181272579753312e-06,
        "failing_values": 0,
        "max_abs_error": 3.699903572407237e-07,
        "nonfinite_values": 0,
        "phase_norm_drift": 2.869965206597769e-07,
        "quaternion_norm_drift": 4.43049884557567e-07,
        "rms_error": 4.65296989714254e-08,
        "su2_determinant_error": 8.860999656246094e-07,
        "u2_phase_consistency_error": 8.861002271920474e-07,
        "unitarity_frobenius_error": 1.6705717031465872e-06,
        "validated_values": 196608
      },
      "unfused_logical_bytes": 16515072,
      "unfused_median_s": 0.0006670132
    },
    {
      "B": 8192,
      "K": 32,
      "core_count": 8,
      "fused_correctness": {
        "bloch_norm_drift": 1.9001566057275099e-06,
        "failing_values": 0,
        "max_abs_error": 7.395548915489769e-07,
        "nonfinite_values": 0,
        "phase_norm_drift": 6.782865265009264e-07,
        "quaternion_norm_drift": 7.840253242186179e-07,
        "rms_error": 1.0379131294962449e-07,
        "su2_determinant_error": 1.5680512632787469e-06,
        "u2_phase_consistency_error": 1.5680510662357454e-06,
        "unitarity_frobenius_error": 2.6872272426881844e-06,
        "validated_values": 49152
      },
      "fused_logical_bytes": 6488064,
      "fused_median_s": 0.0004212712,
      "fused_over_unfused_median": 0.21312562122675968,
      "qmul_per_s_fused": 602823074.5420053,
      "repeat_count": 10,
      "steps_per_s_fused": 622268980.1723925,
      "trajectories_per_s_fused": 19445905.630387265,
      "unfused_correctness": {
        "bloch_norm_drift": 1.9001566057275099e-06,
        "failing_values": 0,
        "max_abs_error": 7.395548915489769e-07,
        "nonfinite_values": 0,
        "phase_norm_drift": 6.782865265009264e-07,
        "quaternion_norm_drift": 7.840253242186179e-07,
        "rms_error": 1.0379131294962449e-07,
        "su2_determinant_error": 1.5680512632787469e-06,
        "u2_phase_consistency_error": 1.5680510662357454e-06,
        "unitarity_frobenius_error": 2.6872272426881844e-06,
        "validated_values": 49152
      },
      "unfused_logical_bytes": 18284544,
      "unfused_median_s": 0.0019766333
    },
    {
      "B": 2048,
      "K": 128,
      "core_count": 2,
      "fused_correctness": {
        "bloch_norm_drift": 3.954650645399127e-06,
        "failing_values": 0,
        "max_abs_error": 1.2693600500712776e-06,
        "nonfinite_values": 0,
        "phase_norm_drift": 1.2104933903023252e-06,
        "quaternion_norm_drift": 1.51532292935741e-06,
        "rms_error": 2.3714147230336486e-07,
        "su2_determinant_error": 3.030648155100124e-06,
        "u2_phase_consistency_error": 3.030648155100124e-06,
        "unitarity_frobenius_error": 5.5927205774849774e-06,
        "validated_values": 12288
      },
      "fused_logical_bytes": 6340608,
      "fused_median_s": 0.0015754219,
      "fused_over_unfused_median": 0.21710858274220507,
      "qmul_per_s_fused": 165096092.67206454,
      "repeat_count": 10,
      "steps_per_s_fused": 166396061.90570286,
      "trajectories_per_s_fused": 1299969.2336383036,
      "unfused_correctness": {
        "bloch_norm_drift": 3.954650645399127e-06,
        "failing_values": 0,
        "max_abs_error": 1.2693600500712776e-06,
        "nonfinite_values": 0,
        "phase_norm_drift": 1.2104933903023252e-06,
        "quaternion_norm_drift": 1.51532292935741e-06,
        "rms_error": 2.3714147230336486e-07,
        "su2_determinant_error": 3.030648155100124e-06,
        "u2_phase_consistency_error": 3.030648155100124e-06,
        "unitarity_frobenius_error": 5.5927205774849774e-06,
        "validated_values": 12288
      },
      "unfused_logical_bytes": 18726912,
      "unfused_median_s": 0.0072563778
    },
    {
      "B": 512,
      "K": 512,
      "core_count": 1,
      "fused_correctness": {
        "bloch_norm_drift": 9.76552851739143e-06,
        "failing_values": 0,
        "max_abs_error": 1.8679868443172154e-06,
        "nonfinite_values": 0,
        "phase_norm_drift": 2.469994546672183e-06,
        "quaternion_norm_drift": 4.882752338009055e-06,
        "rms_error": 5.078289492686717e-07,
        "su2_determinant_error": 9.76552851739143e-06,
        "u2_phase_consistency_error": 9.76552851739143e-06,
        "unitarity_frobenius_error": 1.3810542873036185e-05,
        "validated_values": 3072
      },
      "fused_logical_bytes": 6303744,
      "fused_median_s": 0.00617952035,
      "fused_over_unfused_median": 0.23143882208570393,
      "qmul_per_s_fused": 42338561.11502246,
      "repeat_count": 10,
      "steps_per_s_fused": 42421415.44205773,
      "trajectories_per_s_fused": 82854.327035269,
      "unfused_correctness": {
        "bloch_norm_drift": 9.76552851739143e-06,
        "failing_values": 0,
        "max_abs_error": 1.8679868443172154e-06,
        "nonfinite_values": 0,
        "phase_norm_drift": 2.469994546672183e-06,
        "quaternion_norm_drift": 4.882752338009055e-06,
        "rms_error": 5.078289492686717e-07,
        "su2_determinant_error": 9.76552851739143e-06,
        "u2_phase_consistency_error": 9.76552851739143e-06,
        "unitarity_frobenius_error": 1.3810542873036185e-05,
        "validated_values": 3072
      },
      "unfused_logical_bytes": 18837504,
      "unfused_median_s": 0.026700448499999998
    },
    {
      "B": 1024,
      "K": 128,
      "core_count": 1,
      "fused_correctness": {
        "bloch_norm_drift": 3.6056105050530363e-06,
        "failing_values": 0,
        "max_abs_error": 1.0284030744767136e-06,
        "nonfinite_values": 0,
        "phase_norm_drift": 1.0077924164075824e-06,
        "quaternion_norm_drift": 1.51532292935741e-06,
        "rms_error": 2.3584974353517263e-07,
        "su2_determinant_error": 3.030648155100124e-06,
        "u2_phase_consistency_error": 3.030648155100124e-06,
        "unitarity_frobenius_error": 5.09910327656689e-06,
        "validated_values": 6144
      },
      "fused_logical_bytes": 3170304,
      "fused_median_s": 0.0015734909,
      "fused_over_unfused_median": 0.2218941166200994,
      "qmul_per_s_fused": 82649349.9263326,
      "repeat_count": 20,
      "steps_per_s_fused": 83300132.2092171,
      "trajectories_per_s_fused": 650782.2828845086,
      "unfused_correctness": {
        "bloch_norm_drift": 3.6056105050530363e-06,
        "failing_values": 0,
        "max_abs_error": 1.0284030744767136e-06,
        "nonfinite_values": 0,
        "phase_norm_drift": 1.0077924164075824e-06,
        "quaternion_norm_drift": 1.51532292935741e-06,
        "rms_error": 2.3584974353517263e-07,
        "su2_determinant_error": 3.030648155100124e-06,
        "u2_phase_consistency_error": 3.030648155100124e-06,
        "unitarity_frobenius_error": 5.09910327656689e-06,
        "validated_values": 6144
      },
      "unfused_logical_bytes": 9363456,
      "unfused_median_s": 0.007091179
    },
    {
      "B": 4096,
      "K": 128,
      "core_count": 4,