{
  "candidate_sha256": "433e74b827d2cf9a7a790a6c9d7bb3917fc1fed3915ec384de0486cdc014d306",
  "case_id": "large_angles",
  "claim_level": null,
  "correctness": {
    "complex_matrix_reconstruction_error": 0.0005228142821191207,
    "failing_value_count": 3,
    "max_phase_absolute_error": 8.376880500415851e-05,
    "max_phase_relative_error": 0.00024216188106772316,
    "max_rotor_absolute_error": 0.00043509825952700587,
    "max_rotor_relative_error": 0.00204118303555266,
    "nonfinite_value_count": 0,
    "passed": false,
    "phase_norm_drift": 3.572357232251022e-08,
    "rotor_norm_drift": 7.224253195659003e-08
  },
  "designated": false,
  "frozen_tolerances": {
    "phase_atol": 0.0001,
    "phase_rtol": 0.0001,
    "rotor_atol": 0.0001,
    "rotor_rtol": 0.0001
  },
  "performance_eligible": false,
  "phases": [
    [
      [
        -0.22261357307434082,
        -0.9749067425727844
      ],
      [
        -0.9008939862251282,
        -0.4340391159057617
      ]
    ]
  ],
  "qualification_eligible": false,
  "reference_phases": [
    [
      [
        -0.22255967760416237,
        -0.9749190683870796
      ],
      [
        -0.9009343798094626,
        -0.43395534710075756
      ]
    ]
  ],
  "reference_rotors": [
    [
      [
        -0.9579380047004907,
        -0.1065799225127307,
        0.15986988376909603,
        -0.2131598450254614
      ],
      [
        0.5525486509797743,
        -0.6538360125152208,
        0.1634590031288052,
        0.49037700938641565
      ]
    ]
  ],
  "rotors": [
    [
      [
        -0.9577623605728149,
        -0.1067974716424942,
        0.1601962000131607,
        -0.2135949432849884
      ],
      [
        0.5524463057518005,
        -0.6538892984390259,
        0.16347232460975647,
        0.4904169738292694
      ]
    ]
  ],
  "schema": "tt-rqm-h2a-development-probe.v1",
  "stable_benchmark": false
}
