{
  "cases": [
    {
      "B": 32768,
      "K": 8,
      "fused_batch_samples_s": [
        0.001404186,
        0.001444605,
        0.001397526,
        0.001395756,
        0.001417325,
        0.001421165,
        0.001404686,
        0.001396976,
        0.001408916,
        0.001419416
      ],
      "fused_per_chain_samples_s": [
        0.0001404186,
        0.00014446050000000002,
        0.0001397526,
        0.0001395756,
        0.0001417325,
        0.0001421165,
        0.0001404686,
        0.0001396976,
        0.00014089160000000002,
        0.0001419416
      ],
      "paired_order": [
        "fused_first",
        "unfused_first",
        "fused_first",
        "unfused_first",
        "fused_first",
        "unfused_first",
        "fused_first",
        "unfused_first",
        "fused_first",
        "unfused_first"
      ],
      "repeat_count": 10,
      "unfused_batch_samples_s": [
        0.006687091,
        0.006664522,
        0.006657812,
        0.006627712,
        0.006730851,
        0.006675742,
        0.006726421,
        0.006641142,
        0.006692931,
        0.006649922
      ],
      "unfused_per_chain_samples_s": [
        0.0006687091,
        0.0006664522,
        0.0006657812,
        0.0006627712,
        0.0006730851000000001,
        0.0006675742000000001,
        0.0006726421,
        0.0006641142,
        0.0006692931,
        0.0006649922
      ]
    },
    {
      "B": 8192,
      "K": 32,
      "fused_batch_samples_s": [
        0.004141117,
        0.004144387,
        0.004140178,
        0.004227697,
        0.004207237,
        0.004204967,
        0.004218187,
        0.004224386,
        0.004218377,
        0.004224357
      ],
      "fused_per_chain_samples_s": [
        0.00041411169999999996,
        0.0004144387,
        0.0004140178,
        0.0004227697,
        0.0004207237,
        0.00042049670000000004,
        0.0004218187,
        0.0004224386,
        0.00042183769999999996,
        0.0004224357
      ],
      "paired_order": [
        "fused_first",
        "unfused_first",
        "fused_first",
        "unfused_first",
        "fused_first",
        "unfused_first",
        "fused_first",
        "unfused_first",
        "fused_first",
        "unfused_first"
      ],
      "repeat_count": 10,
      "unfused_batch_samples_s": [
        0.016319463,
        0.016299234,
        0.019734838,
        0.019840147,
        0.019800298,
        0.019756158,
        0.019728698,
        0.019776508,
        0.019790708,
        0.019777298
      ],
      "unfused_per_chain_samples_s": [
        0.0016319462999999999,
        0.0016299233999999998,
        0.0019734838,
        0.0019840147,
        0.0019800298,
        0.0019756158,
        0.0019728697999999998,
        0.0019776508000000003,
        0.0019790708,
        0.0019777298
      ]
    },
    {
      "B": 2048,
      "K": 128,
      "fused_batch_samples_s": [
        0.015754869,
        0.015755859,
        0.015746609,
        0.015759389,
        0.015748499,
        0.015773618,
        0.015749159,
        0.015754189,
        0.015754249,
        0.015753579
      ],
      "fused_per_chain_samples_s": [
        0.0015754869000000002,
        0.0015755859,
        0.0015746609000000002,
        0.0015759389,
        0.0015748499,
        0.0015773618,
        0.0015749159,
        0.0015754188999999997,
        0.0015754249,
        0.0015753579
      ],
      "paired_order": [
        "fused_first",
        "unfused_first",
        "fused_first",
        "unfused_first",
        "fused_first",
        "unfused_first",
        "fused_first",
        "unfused_first",
        "fused_first",
        "unfused_first"
      ],
      "repeat_count": 10,
      "unfused_batch_samples_s": [
        0.072514169,
        0.072516529,
        0.072732146,
        0.072515489,
        0.072627347,
        0.072533079,
        0.072669608,
        0.072545258,
        0.072645257,
        0.072582298
      ],
      "unfused_per_chain_samples_s": [
        0.0072514169,
        0.0072516529,
        0.007273214599999999,
        0.0072515489,
        0.0072627347,
        0.0072533079,
        0.0072669608,
        0.0072545258,
        0.007264525700000001,
        0.0072582298
      ]
    },
    {
      "B": 512,
      "K": 512,
      "fused_batch_samples_s": [
        0.061801358,
        0.061788129,
        0.061793878,
        0.061790059,
        0.061785588,
        0.061819508,
        0.061796088,
        0.061794319,
        0.061809418,
        0.061806308
      ],
      "fused_per_chain_samples_s": [
        0.0061801358,
        0.0061788128999999995,
        0.0061793878,
        0.0061790059,
        0.0061785588,
        0.0061819508000000006,
        0.0061796088,
        0.0061794319,
        0.0061809418,
        0.0061806308
      ],
      "paired_order": [
        "fused_first",
        "unfused_first",
        "fused_first",
        "unfused_first",
        "fused_first",
        "unfused_first",
        "fused_first",
        "unfused_first",
        "fused_first",
        "unfused_first"
      ],
      "repeat_count": 10,
      "unfused_batch_samples_s": [
        0.26514537,
        0.267840312,
        0.26505613,
        0.263795923,
        0.267196718,
        0.288679799,
        0.266824482,
        0.267184488,
        0.264301078,
        0.283064386
      ],
      "unfused_per_chain_samples_s": [
        0.026514536999999998,
        0.026784031200000002,
        0.026505613,
        0.026379592299999997,
        0.0267196718,
        0.0288679799,
        0.026682448199999997,
        0.0267184488,
        0.0264301078,
        0.0283064386
      ]
    },
    {
      "B": 1024,
      "K": 128,
      "fused_batch_samples_s": [
        0.031466248,
        0.031482758,
        0.031448348,
        0.031447979,
        0.031487358,
        0.031475658,
        0.031452779,
        0.031475608,
        0.031473388,
        0.031463639
      ],
      "fused_per_chain_samples_s": [
        0.0015733124,
        0.0015741379,
        0.0015724174000000001,
        0.0015723989500000001,
        0.0015743679,
        0.0015737828999999998,
        0.00157263895,
        0.0015737804,
        0.0015736694,
        0.00157318195
      ],
      "paired_order": [
        "fused_first",
        "unfused_first",
        "fused_first",
        "unfused_first",
        "fused_first",
        "unfused_first",
        "fused_first",
        "unfused_first",
        "fused_first",
        "unfused_first"
      ],
      "repeat_count": 20,
      "unfused_batch_samples_s": [
        0.143440963,
        0.141280716,
        0.141149847,
        0.140893839,
        0.140919989,
        0.140988508,
        0.142366444,
        0.145166996,
        0.1456908,
        0.145635431
      ],
      "unfused_per_chain_samples_s": [
        0.007172048150000001,
        0.0070640358,
        0.00705749235,
        0.007044691949999999,
        0.00704599945,
        0.007049425400000001,
        0.007118322200000001,
        0.007258349799999999,
        0.007284540000000001,
        0.007281771550000001
      ]
    },
    {
      "B": 4096,
      "K": 128,
      "fused_batch_samples_s": [
        0.00787943,
        0.007911759,
        0.00789915,
        0.007907049,
        0.007909349,
        0.007896349,
        0.007910429,
        0.0078963,
        0.007900549,
        0.007908959
      ],
      "fused_per_chain_samples_s": [
        0.0015758859999999999,
        0.0015823518000000001,
        0.0015798300000000002,
        0.0015814097999999998,
        0.0015818698,
        0.0015792698000000002,
        0.0015820858,
        0.00157926,
        0.0015801098,
        0.0015817918
      ],