{
  "candidate_sha256": "47855bbc1c5909335c46f4094f317950f0c403c2c068472058fa510ba7204fb7",
  "case_id": "large_angles",
  "claim_level": null,
  "correctness": {
    "complex_matrix_reconstruction_error": 23337546821240.137,
    "failing_value_count": 12,
    "max_phase_absolute_error": 8975.07855780769,
    "max_phase_relative_error": 20166.331808558545,
    "max_rotor_absolute_error": 2900000000.957938,
    "max_rotor_relative_error": 4705468006.911526,
    "nonfinite_value_count": 0,
    "passed": false,
    "phase_norm_drift": 8974.97954628325,
    "rotor_norm_drift": 2899999999.6007104
  },
  "designated": false,
  "frozen_tolerances": {
    "phase_atol": 0.0001,
    "phase_rtol": 0.0001,
    "rotor_atol": 0.0001,
    "rotor_rtol": 0.0001
  },
  "performance_eligible": false,
  "phases": [
    [
      [
        4487.98974609375,
        -2.850360631942749
      ],
      [
        -8975.9794921875,
        0.9854565858840942
      ]
    ]
  ],
  "qualification_eligible": false,
  "reference_phases": [
    [
      [
        -0.22255967760416237,
        -0.9749190683870796
      ],
      [
        -0.9009343798094626,
        -0.43395534710075756
      ]
    ]
  ],
  "reference_rotors": [
    [
      [
        -0.9579380047004907,
        -0.1065799225127307,
        0.15986988376909603,
        -0.2131598450254614
      ],
      [
        0.5525486509797743,
        -0.6538360125152208,
        0.1634590031288052,
        0.49037700938641565
      ]
    ]
  ],
  "rotors": [
    [
      [
        2900000000.0,
        53851.6484375,
        0.4487989544868469,
        24168.564453125
      ],
      [
        2600000000.0,
        50990.1953125,
        0.4487989544868469,
        22884.345703125
      ]
    ]
  ],
  "schema": "tt-rqm-h2a-development-probe.v1",
  "stable_benchmark": false
}
