{
  "candidate_sha256": "b12063fd8ff73ff7372713eeb3fbdea31c56462c94e314713909a1f07e225979",
  "case_id": "mixed_zero_nonzero",
  "claim_level": null,
  "correctness": {
    "complex_matrix_reconstruction_error": 6.254893806921399e-08,
    "failing_value_count": 0,
    "max_phase_absolute_error": 4.764040129057179e-08,
    "max_phase_relative_error": 4.787959986517519e-08,
    "max_rotor_absolute_error": 3.154167704799704e-08,
    "max_rotor_relative_error": 5.074191083003769e-08,
    "nonfinite_value_count": 0,
    "passed": true,
    "phase_norm_drift": 4.707498102440866e-08,
    "rotor_norm_drift": 1.22220328302447e-08
  },
  "designated": false,
  "frozen_tolerances": {
    "phase_atol": 0.0001,
    "phase_rtol": 0.0001,
    "rotor_atol": 0.0001,
    "rotor_rtol": 0.0001
  },
  "performance_eligible": false,
  "phases": [
    [
      [
        1.0,
        -0.0
      ],
      [
        0.9950041174888611,
        -0.0998334214091301
      ],
      [
        0.9950041174888611,
        0.0998334214091301
      ],
      [
        0.9800665378570557,
        -0.19866932928562164
      ]
    ]
  ],
  "qualification_eligible": false,
  "reference_phases": [
    [
      [
        1.0,
        -0.0
      ],
      [
        0.9950041651292624,
        -0.0998334181294999
      ],
      [
        0.9950041651292624,
        0.0998334181294999
      ],
      [
        0.9800665772491609,
        -0.19866933371588721
      ]
    ]
  ],
  "reference_rotors": [
    [
      [
        1.0,
        0.0,
        0.0,
        0.0
      ],
      [
        0.7328251719668285,
        0.18184908722261753,
        -0.36369817444523506,
        0.5455472616678526
      ],
      [
        1.0,
        0.0,
        0.0,
        0.0
      ],
      [
        0.6216099577654319,
        -0.696290593745709,
        0.3481452968728545,
        0.08703632421821363
      ]
    ]
  ],
  "rotors": [
    [
      [
        1.0,
        0.0,
        0.0,
        0.0
      ],
      [
        0.7328251600265503,
        0.18184909224510193,
        -0.36369818449020386,
        0.5455472469329834
      ],
      [
        1.0,
        0.0,
        0.0,
        0.0
      ],
      [
        0.6216099262237549,
        -0.6962906122207642,
        0.3481453061103821,
        0.08703632652759552
      ]
    ]
  ],
  "schema": "tt-rqm-h2a-development-probe.v1",
  "stable_benchmark": false
}
