{
  "schema": "tt-rqm-su2-compose-level2-raw-samples.v1",
  "sessions": [
    {
      "cases": [
        {
          "B": 32768,
          "K": 8,
          "fused_batch_samples_s": [
            0.026210037,
            0.026199427,
            0.026208856,
            0.026199166,
            0.026198736,
            0.026210596,
            0.026194826,
            0.026205096,
            0.026210686,
            0.026213056
          ],
          "fused_per_chain_samples_s": [
            9.816493258426966e-05,
            9.812519475655431e-05,
            9.816050936329588e-05,
            9.812421722846442e-05,
            9.812260674157303e-05,
            9.816702621722846e-05,
            9.810796254681648e-05,
            9.814642696629213e-05,
            9.816736329588015e-05,
            9.817623970037453e-05
          ],
          "repeat_count": 267
        },
        {
          "B": 8192,
          "K": 32,
          "fused_batch_samples_s": [
            0.034122159,
            0.034113049,
            0.034159559,
            0.034176849,
            0.034161039,
            0.034184429,
            0.034184558,
            0.034178789,
            0.034181389,
            0.034183919
          ],
          "fused_per_chain_samples_s": [
            0.0003791351,
            0.0003790338777777778,
            0.00037955065555555557,
            0.0003797427666666667,
            0.00037956709999999996,
            0.0003798269888888889,
            0.00037982842222222216,
            0.00037976432222222226,
            0.0003797932111111111,
            0.00037982132222222223
          ],
          "repeat_count": 90
        },
        {
          "B": 2048,
          "K": 128,
          "fused_batch_samples_s": [
            0.036821913,
            0.036824343,
            0.036822554,
            0.036825063,
            0.036822533,
            0.036824343,
            0.036822023,
            0.036822363,
            0.036819153,
            0.036839563
          ],
          "fused_per_chain_samples_s": [
            0.001534246375,
            0.001534347625,
            0.0015342730833333333,
            0.0015343776249999999,
            0.0015342722083333332,
            0.001534347625,
            0.0015342509583333335,
            0.0015342651249999999,
            0.001534131375,
            0.0015349817916666666
          ],
          "repeat_count": 24
        },
        {
          "B": 512,
          "K": 512,
          "fused_batch_samples_s": [
            0.043058552,
            0.043055723,
            0.043048743,
            0.043057543,
            0.043045952,
            0.043056463,
            0.043045503,
            0.043061392,
            0.043047213,
            0.043055363
          ],
          "fused_per_chain_samples_s": [
            0.006151221714285714,
            0.006150817571428571,
            0.006149820428571429,
            0.006151077571428571,
            0.006149421714285714,
            0.006150923285714286,
            0.006149357571428571,
            0.006151627428571428,
            0.006149601857142857,
            0.006150766142857143
          ],
          "repeat_count": 7
        },
        {
          "B": 1024,
          "K": 128,
          "fused_batch_samples_s": [
            0.036817253,
            0.036818113,
            0.036822653,
            0.036827773,
            0.036823703,
            0.036817593,
            0.036817314,
            0.036847613,
            0.036789594,
            0.036822803
          ],
          "fused_per_chain_samples_s": [
            0.0015340522083333334,
            0.0015340880416666667,
            0.0015342772083333331,
            0.0015344905416666667,
            0.0015343209583333333,
            0.0015340663750000002,
            0.0015340547499999998,
            0.0015353172083333335,
            0.0015328997500000001,
            0.0015342834583333333
          ],
          "repeat_count": 24
        },
        {
          "B": 4096,
          "K": 128,
          "fused_batch_samples_s": [
            0.036797963,
            0.036826033,
            0.036828163,
            0.036852053,
            0.036829783,
            0.036828203,
            0.036829413,
            0.036826863,
            0.036826353,
            0.036846073
          ],
          "fused_per_chain_samples_s": [
            0.0015332484583333334,
            0.0015344180416666667,
            0.0015345067916666666,
            0.0015355022083333334,
            0.0015345742916666667,
            0.0015345084583333333,
            0.0015345588749999999,
            0.001534452625,
            0.001534431375,
            0.0015352530416666667
          ],
          "repeat_count": 24
        },
        {
          "B": 16384,
          "K": 128,
          "fused_batch_samples_s": [
            0.036833313,
            0.036833183,
            0.036874963,
            0.036894602,
            0.036884962,
            0.036888463,
            0.036881872,
            0.036889243,
            0.036891112,
            0.036892872
          ],
          "fused_per_chain_samples_s": [
            0.001534721375,
            0.0015347159583333333,
            0.0015364567916666665,
            0.0015372750833333333,
            0.0015368734166666667,
            0.0015370192916666669,
            0.0015367446666666668,
            0.0015370517916666667,
            0.0015371296666666665,
            0.001537203
          ],
          "repeat_count": 24
        },
        {
          "B": 65536,
          "K": 128,
          "fused_batch_samples_s": [
            0.036920662,
            0.036954111,
            0.036981762,
            0.036985091,
            0.036982942,
            0.036983831,
            0.036977892,
            0.036981101,
            0.036981611,
            0.036987662
          ],
          "fused_per_chain_samples_s": [
            0.0030767218333333335,
            0.0030795092499999997,
            0.0030818135000000003,
            0.0030820909166666666,
            0.003081911833333333,
            0.003081985916666667,
            0.003081491,
            0.003081758416666667,
            0.0030818009166666666,
            0.0030823051666666666
          ],
          "repeat_count": 12
        }
      ],
      "session_id": "su2-v3-level2-session-1",
      "source_report": "benchmarks/raw/su2-v3-designated/su2-v3-level2-session-1/report.json"
    },
    {
      "cases": [
        {
          "B": 32768,
          "K": 8,
          "fused_batch_samples_s": [
            0.026195305,
            0.026195505,
            0.026197215,
            0.026200745,
            0.026207674,
            0.026198745,
            0.026190825,
            0.026206815,
            0.026201135,
            0.026196475
          ],
          "fused_per_chain_samples_s": [
            9.810975655430711e-05,
            9.811050561797753e-05,
            9.811691011235955e-05,
            9.813013108614233e-05,
            9.815608239700374e-05,
            9.81226404494382e-05,
            9.80929775280899e-05,
            9.815286516853933e-05,
            9.813159176029963e-05,
            9.811413857677903e-05
          ],
          "repeat_count": 267
        },
        {
          "B": 8192,
          "K": 32,
          "fused_batch_samples_s": [
            0.034126288,
            0.034136277,
            0.034127968,
            0.034167687,
            0.034180458,
            0.034187277,
            0.034187847,
            0.034183387,
            0.034188177,
            0.034186067
          ],