{
  "candidate_sha256": "28f43aa1401174a52904e920c9980baad4e4ec045cb905fe1bd4b1c961fcd660",
  "case_id": "large_angles",
  "claim_level": null,
  "correctness": {
    "complex_matrix_reconstruction_error": 205409417.85984915,
    "failing_value_count": 12,
    "max_phase_absolute_error": 8975.07855780769,
    "max_phase_relative_error": 20166.331808558545,
    "max_rotor_absolute_error": 24168.40458324123,
    "max_rotor_relative_error": 151175.46853382495,
    "nonfinite_value_count": 0,
    "passed": false,
    "phase_norm_drift": 8974.979492187507,
    "rotor_norm_drift": 24167.564457292003
  },
  "designated": false,
  "frozen_tolerances": {
    "phase_atol": 0.0001,
    "phase_rtol": 0.0001,
    "rotor_atol": 0.0001,
    "rotor_rtol": 0.0001
  },
  "performance_eligible": false,
  "phases": [
    [
      [
        4487.98974609375,
        -0.00018310546875
      ],
      [
        -8975.9794921875,
        0.0003662109375
      ]
    ]
  ],
  "qualification_eligible": false,
  "reference_phases": [
    [
      [
        -0.22255967760416237,
        -0.9749190683870796
      ],
      [
        -0.9009343798094626,
        -0.43395534710075756
      ]
    ]
  ],
  "reference_rotors": [
    [
      [
        -0.9579380047004907,
        -0.1065799225127307,
        0.15986988376909603,
        -0.2131598450254614
      ],
      [
        0.5525486509797743,
        -0.6538360125152208,
        0.1634590031288052,
        0.49037700938641565
      ]
    ]
  ],
  "rotors": [
    [
      [
        0.4487989544868469,
        0.0,
        24168.564453125,
        -0.000732421875
      ],
      [
        0.4487989544868469,
        0.0,
        22884.345703125,
        0.000732421875
      ]
    ]
  ],
  "schema": "tt-rqm-h2a-development-probe.v1",
  "stable_benchmark": false
}
