{
  "candidate_sha256": "87c5191823eea11f2d7e757dc6c16c8b753d580ec58673cab4a31d7139d9a319",
  "case_id": "large_angles",
  "claim_level": null,
  "correctness": {
    "complex_matrix_reconstruction_error": 3.2596360819676415,
    "failing_value_count": 12,
    "max_phase_absolute_error": 1.3348897213869924,
    "max_phase_relative_error": 5.380483615111846,
    "max_rotor_absolute_error": 3.346550226840172,
    "max_rotor_relative_error": 17.84403096114441,
    "nonfinite_value_count": 0,
    "passed": false,
    "phase_norm_drift": 5.3156770096762784e-08,
    "rotor_norm_drift": 2.5138904828312856
  },
  "designated": false,
  "frozen_tolerances": {
    "phase_atol": 0.0001,
    "phase_rtol": 0.0001,
    "rotor_atol": 0.0001,
    "rotor_rtol": 0.0001
  },
  "performance_eligible": false,
  "phases": [
    [
      [
        0.9749190211296082,
        -0.22255964577198029
      ],
      [
        0.4339553415775299,
        -0.9009343385696411
      ]
    ]
  ],
  "qualification_eligible": false,
  "reference_phases": [
    [
      [
        -0.22255967760416237,
        -0.9749190683870796
      ],
      [
        -0.9009343798094626,
        -0.43395534710075756
      ]
    ]
  ],
  "reference_rotors": [
    [
      [
        -0.9579380047004907,
        -0.1065799225127307,
        0.15986988376909603,
        -0.2131598450254614
      ],
      [
        0.5525486509797743,
        -0.6538360125152208,
        0.1634590031288052,
        0.49037700938641565
      ]
    ]
  ],
  "rotors": [
    [
      [
        -2.850360631942749,
        1.795235514640808,
        -0.28713259100914,
        -0.9578908681869507
      ],
      [
        0.9854565858840942,
        2.692714214324951,
        0.8335244059562683,
        0.5524826049804688
      ]
    ]
  ],
  "schema": "tt-rqm-h2a-development-probe.v1",
  "stable_benchmark": false
}
